{"round":28,"demand":[{"customerId":"9e222434-cf28-4edf-bca7-8a5e5297e2c3","amount":1484,"postDay":28,"startDay":32,"endDay":37}],"penalties":[{"day":28,"type":"REFINERY_OVERFLOW","message":"refinery 0 affected by an overflow by 3,579","cost":18038.16,"co2":18038.16},{"day":28,"type":"REFINERY_OVERFLOW","message":"refinery 2 affected by an overflow by 66,193","cost":300516.22000000003,"co2":300516.22000000003},{"day":28,"type":"REFINERY_OVERFLOW","message":"refinery 3 affected by an overflow by 7,309","cost":17103.059999999998,"co2":17103.059999999998},{"day":28,"type":"REFINERY_OVERFLOW","message":"refinery 4 affected by an overflow by 1,138","cost":5166.52,"co2":5166.52}],"deltaKpis":{"day":28,"cost":375254.7999999998,"co2":402389.5700000003},"totalKpis":{"day":28,"cost":4421422.8,"co2":5203334.57}}