{"round":27,"demand":[{"customerId":"9d731b98-c46d-4896-89fa-4ebaa1d5b207","amount":153,"postDay":27,"startDay":34,"endDay":37}],"penalties":[{"day":27,"type":"REFINERY_OVERFLOW","message":"refinery 0 affected by an overflow by 3,393","cost":17100.72,"co2":17100.72},{"day":27,"type":"REFINERY_OVERFLOW","message":"refinery 2 affected by an overflow by 62,824","cost":285220.96,"co2":285220.96},{"day":27,"type":"REFINERY_OVERFLOW","message":"refinery 3 affected by an overflow by 6,338","cost":14830.919999999998,"co2":14830.919999999998},{"day":27,"type":"REFINERY_OVERFLOW","message":"refinery 4 affected by an overflow by 1,073","cost":4871.42,"co2":4871.42}],"deltaKpis":{"day":27,"cost":356454.85999999987,"co2":383589.6299999999},"totalKpis":{"day":27,"cost":4046167.86,"co2":4800944.63}}