{"round":26,"demand":[{"customerId":"6fea5963-4fef-42de-971e-4b1339b8c421","amount":709,"postDay":26,"startDay":35,"endDay":38}],"penalties":[{"day":26,"type":"REFINERY_OVERFLOW","message":"refinery 0 affected by an overflow by 3,207","cost":16163.28,"co2":16163.28},{"day":26,"type":"REFINERY_OVERFLOW","message":"refinery 2 affected by an overflow by 59,455","cost":269925.7,"co2":269925.7},{"day":26,"type":"REFINERY_OVERFLOW","message":"refinery 3 affected by an overflow by 5,367","cost":12558.779999999999,"co2":12558.779999999999},{"day":26,"type":"REFINERY_OVERFLOW","message":"refinery 4 affected by an overflow by 1,008","cost":4576.32,"co2":4576.32}],"deltaKpis":{"day":26,"cost":337654.9199999999,"co2":364789.6900000004},"totalKpis":{"day":26,"cost":3689712.92,"co2":4417354.69}}